model,precision,recall,ndcg
CBF,0.6775,0.17223532578337955,0.4676876908678279
CF,0.375,0.3562380840618827,0.4280782258870914
Hybrid,0.7195,0.22223532578337957,0.5115334118866867
